source,target,SourceName
2650413864,1504851371329302528,Ferrari
2650413864,1504499170484404230,Ferrari
2650413864,1504412773215870988,Ferrari
2650413864,1504131864583446531,Ferrari
2650413864,1504126595371438080,Ferrari
1504851371329302528,1487139508608901121,Carlito
1504851371329302528,1504902646913806337,Leidivan Matos
1504851371329302528,1239274952647475202,Wallace
1504851371329302528,1470066651022385157,ÄŒhÃ¥mpÃ¸myğŸ«¡
1504851371329302528,1297843935939887104,JACOB WELSH #ZoeyChristmas
1504851371329302528,234461328,RÃ©di Bortoluzzi
1504851371329302528,935278189684944897,ÎŸÎ Î¥Î§
1504851371329302528,157591318,NikkiBomb
1504851371329302528,122119626,Bruno Buso
1504851371329302528,1263414395054419968,Alen
1504851371329302528,486720661,Junaid #JB17
1504851371329302528,1277659467266564096,F1-75 Fan
1504851371329302528,962254862955118592,ğ“ƒ 
1504851371329302528,733716430189953028,Monaco XX GoKarting
1504851371329302528,2550764408,SFC Philadelphia
1504851371329302528,25070098,Mark C.
1504851371329302528,193567490,ya boi bash
1504851371329302528,2475737292,SergueÃ¯ Quorss
1504851371329302528,230310402,domenico fors
1504851371329302528,166620876,Donatello'sÂ® #italiano
1504851371329302528,382542556,Luciano QuarantağŸ¦…ğŸ¹ğŸâ¤ï¸âœˆï¸
1504499170484404230,992390491105882112,Frederic Reid
1504499170484404230,1109912412,Ferrari of San Francisco
1504499170484404230,322029968,Boardwalk Auto Group
1504499170484404230,3262097338,Christine Lempeck CT
1504499170484404230,1381528822051393553,GÃ¶khan KÄ±lÄ±Ã§aslan
1504499170484404230,1257210138,Jdevuono
1504499170484404230,1503369444558528518,Lucy Elberg
1504499170484404230,157591318,NikkiBomb
1504499170484404230,43884177,Don Vito rap Â®Â©ğŸ´ğŸ‡¸ğŸ‡¦ğŸ³ğŸ•‹ğŸ•‰â™ˆğŸ“ğŸˆğŸ”«ğŸ™ğŸ—¡ğŸ¤ğŸ§ğŸ·ğŸ¸ğŸ•â„¢
1504499170484404230,33983377,DANNYFURLONGPR
1504499170484404230,1488172033498308614,Martin CudziÅ¡
1504499170484404230,1487139508608901121,Carlito
1504499170484404230,2937128833,ãƒªãƒªã‚¹07
1504499170484404230,1263414395054419968,Alen
1504499170484404230,627621952,JamesSchumacher ğŸ”´âšª
1504499170484404230,339695092,JosÃ© David GÃ³mez L. C.
1504499170484404230,1470066651022385157,ÄŒhÃ¥mpÃ¸myğŸ«¡
1504499170484404230,1427897508781506563,Comandante Sir Johnny Rainbow â„¢ alias â€œRamboâ€
1504499170484404230,373301695,This is anais_aris ğŸ‹
1504499170484404230,2582439872,Mian Umar Ali
1504499170484404230,1239274952647475202,Wallace
1504499170484404230,962254862955118592,ğ“ƒ 
1504499170484404230,1395467681613205505,LarağŸ‡®ğŸ‡¹ Scuderia Ferrari Supremacyâ¤ï¸
1504499170484404230,172766042,David ğŸ±ğŸ‡ªğŸ‡¨
1504499170484404230,1332714745871421443,Job Preference
1504412773215870988,3123294507,Alexey Melnicov
1504412773215870988,790419001121894400,ryan
1504412773215870988,322029968,Boardwalk Auto Group
1504412773215870988,112799654,Ken Ambrose
1504412773215870988,275784356,Boardwalk Ferrari
1504412773215870988,1469475911057633284,DoesitMatter
1504412773215870988,621779182,BHAVUK SAHNI
1504412773215870988,1502771859363872768,NASIR SHAH
1504412773215870988,1470320360075579392,Zaka Protonâš›XPR
1504412773215870988,1208836593844391936,htmeltouns
1504412773215870988,341145329,CHAIRMAN ğŸ¯
1504412773215870988,241496575,BatuhanğŸ‡ºğŸ‡¸ğŸ‡¬ğŸ‡§ğŸ‡ºğŸ‡¦
1504412773215870988,272881874,david martinez
1504412773215870988,1495154103583973390,Tappy
1504412773215870988,1409868254433005569,Muhammad Xavier Wongso
1504412773215870988,965280135699206148,Demonic
1504412773215870988,827274382728851456,John Michael Kinard
1504412773215870988,587649238,Paolo Morandi
1504412773215870988,2544286045,â§«
1504412773215870988,1223669194031620096,Sixx:A.M.
1504412773215870988,42640131,DÃ©ji Fadahunsi
1504412773215870988,1186649472270589952,Adult Advice
1504412773215870988,46825393,Raymond Klomp
1504412773215870988,1484585079447990272,ece
1504412773215870988,863436360958529536,Spacelocknezz
1504412773215870988,1501114707347849216,dong xiaoæ½‡
1504412773215870988,892886617693843458,Susana Jimenez
1504412773215870988,984981540,HFR Wine Boutique Resort
1504412773215870988,1372943799484317696,ORISA
1504412773215870988,137495852,Leann Lawson
1504412773215870988,1042112420263673856,ndoromapopyeni@gmail.com
1504412773215870988,3976536857,Lil Key'
1504412773215870988,1448883801690628103,T!ğŸ‡°ğŸ‡·ğŸ‡©ğŸ‡´
1504412773215870988,1354623114932596736,Ammar
1504412773215870988,1433664171296665608,Mom I want Clementines 1014
1504412773215870988,375588043,Erick Widi Saksono
1504412773215870988,2357658746,Erick
1504412773215870988,223291329,jinadu olawale
1504412773215870988,212484482,yik keng chan bird
1504412773215870988,29937704,Gravitas
1504412773215870988,1396473739672317958,Apoorv Nandkeolyar
1504412773215870988,156292533,Craig Mammalton is fully injected
1504412773215870988,371028439,Arun Roy
1504412773215870988,822292568750825476,TEFEL Architecture + Energy
1504412773215870988,3262097338,Christine Lempeck CT
1504412773215870988,1407592572340498434,Jignesh Senta
1504412773215870988,33983377,DANNYFURLONGPR
1504412773215870988,1392183287351701510,X Ye Shall Be As Gods X
1504412773215870988,1404486594162302980,MrBenny7579
1504412773215870988,2454181192,shiba inu crypto tokens
1504412773215870988,1466698140497723392,aharia
1504412773215870988,997110024,Kamal Ramzi
1504412773215870988,1327053287669985280,CruiseControl
1504412773215870988,1504560132591534092,Adrain æ¨æ™¯åœ£
1504412773215870988,700621064431230976,Ad on the Spot
1504412773215870988,1485535158283481088,Mr.Mouse
1504412773215870988,1102277017544900608,X-Vibranium ğŸ”¥
1504412773215870988,1457674916019720192,åº·äºŒ
1504412773215870988,1481274497869271043,CA
1504412773215870988,1245632670677123073,Naren selvan ğŸ¦¦
1504412773215870988,227010021,Saint Irenaeus
1504412773215870988,1457699560831205380,YASKOO
1504412773215870988,1347613326088531970,LorenzoSognorossonero
1504412773215870988,1504591709795233799,@Metallicaaa
1504412773215870988,1874790332,Tamburi Investment Partners
1504412773215870988,1465250129695363074,zaino cijntje
1504412773215870988,225499685,Hugo Boss
1504412773215870988,1413349137593024515,Rundom57
1504412773215870988,2627354234,ã‹ãšã€œ33
1504412773215870988,821677422,Reflexion
1504412773215870988,1465639310615465989,à¹‚à¸¡
1504412773215870988,840711344877948928,Little Red  Rebel
1504412773215870988,1497405157792833546,Geoffrey Choy
1504412773215870988,1381528822051393553,GÃ¶khan KÄ±lÄ±Ã§aslan
1504412773215870988,2965309246,Unknown Auto
1504412773215870988,2897187591,Supercar Review
1504412773215870988,1362982010,MirPhilly21
1504412773215870988,1202172930916007936,Ayo MÃ­
1504412773215870988,1353234528,.
1504412773215870988,34612477,15-1 Steven Narvaez
1504412773215870988,1503369444558528518,Lucy Elberg
1504412773215870988,2755999198,Manpreet
1504412773215870988,114853604,Francesco M. G. ğŸ‡®ğŸ‡¹
1504412773215870988,1140845324,Tweetan Di Machine
1504412773215870988,1415753968957931523,WORD
1504412773215870988,304231512,abel garcia
1504412773215870988,302940228,Keyla Floresz
1504412773215870988,1376731730539905026,curious_kyle1
1504412773215870988,1385629321746911239,Autoproducts
1504412773215870988,883959812417040384,Emanuel Gatto
1504412773215870988,158525553,DaddyOf4
1504412773215870988,55063690,Filimena
1504412773215870988,1867876160,Frankie Stillo ğŸ‡®ğŸ‡¹
1504126595371438080,956434743775473664,Homagino
1504126595371438080,1465250129695363074,zaino cijntje
1504126595371438080,754765,Sacha Obado
1504126595371438080,1496567547419930631,William Stanley
1504126595371438080,758153393164673026,Sâ˜€ï¸LAR NETWâ˜€ï¸RKâ„¢
1504126595371438080,194079073,æ ªå¼ä¼šç¤¾ã€€ç‰äº•è‡ªå‹•è»Š/ç¥å¥ˆå·å¤§å­¦å’æ¥­
1504126595371438080,380441338,Nicholas S. N.
1504126595371438080,1346118405963841538,KLINSKI;
1504126595371438080,1438303790013243393,Javier Armas
1504126595371438080,90188586,Ezzanee Yazid
1504126595371438080,1268855608318611458,Auto âš¡ Avenue NG
1504126595371438080,1424159699608342529,Deus Vult Antcom Intensifies MEX anticomunista
1504126595371438080,635666710,Mr Godson
1504126595371438080,1160235348917727237,VELASvlx-We are fans NÂ°1 of Velas.com
1504126595371438080,505536532,jzx100
1504126595371438080,1483761582937194497,Seyyedmohammad Zaffaranchi
1504126595371438080,2965309246,Unknown Auto
1504126595371438080,1428766609661911046,random_qualquer
1504126595371438080,1445098592058986499,castor | pollux
1504126595371438080,1489552354026291203,TiMEğŸ˜¶â€ğŸŒ«ï¸
1504126595371438080,1482989401,Stephane COPIE
1504126595371438080,428486033,#TheMajinMajinAlbetoLichtğŸ§¬âœï¸ğŸ¦ğŸŒŠğŸ§â€â™€ï¸ğŸ¥€ğŸ˜‰
1504126595371438080,1457966083856498695,Niket John
1504126595371438080,934981002321113088,AJC
1504126595371438080,1481496461779025923,Mo
1504126595371438080,1574046763,Mark
1504126595371438080,1421104762511142918,_thetom1002_
1504126595371438080,1570375051,é˜´æ²‰
1504126595371438080,1192482893550895104,manu
1504126595371438080,3310530601,Swyte
1504126595371438080,212484482,yik keng chan bird
1504126595371438080,3535034658,Ø±Ø¶ÙˆØ§Ù†
1504126595371438080,1418090096515899394,ã„ã¬ã ã„ã™ã
1504126595371438080,3374520975,Francesco Marsala
1504126595371438080,1215141005701394432,Guillermo Moreno
1504126595371438080,1500148033329184772,F&M Car Photos
1504126595371438080,1357866361205129218,ãƒ¡ãƒ«ã‚»ãƒ‡ã‚¹ï½¥ãƒã‚¤ãƒãƒƒãƒ
1504126595371438080,1220312245248385024,Arya
1504126595371438080,2897187591,Supercar Review
1504126595371438080,3262097338,Christine Lempeck CT
1504126595371438080,25110386,Paul Ebeling
1504126595371438080,2859544853,hkncsv
1504126595371438080,539951510,27 GILLES
1504126595371438080,3359909739,Mariya Petrenko
1504126595371438080,43884177,Don Vito rap Â®Â©ğŸ´ğŸ‡¸ğŸ‡¦ğŸ³ğŸ•‹ğŸ•‰â™ˆğŸ“ğŸˆğŸ”«ğŸ™ğŸ—¡ğŸ¤ğŸ§ğŸ·ğŸ¸ğŸ•â„¢
1504126595371438080,2745140221,âš½ï¸ ğŸ ğŸ ğŸ“±ğŸ’» ğŸ–¥ ğŸ•¹ğŸ‡¹ğŸ‡­ğŸ‡¨ğŸ‡³
1504126595371438080,1466521194602000385,Suven
1504126595371438080,1249390595195486216,Abdullatif Mahmoud
1504126595371438080,902297563,Alex
1504126595371438080,722336274623959040,Lupine Auto
1504126595371438080,1231923297161400325,ã‚­ãƒ«ãƒŠ
1504126595371438080,1240036949743853569,fÃ©nix25 Design Studio
1504126595371438080,1225026117159084034,Nicole Robertson
1504126595371438080,157591318,NikkiBomb
1504126595371438080,1470066651022385157,ÄŒhÃ¥mpÃ¸myğŸ«¡
1504126595371438080,1263414395054419968,Alen
1504126595371438080,1382746805327237124,Zurdillo_Jr
1504126595371438080,2937128833,ãƒªãƒªã‚¹07
1504126595371438080,2191955978,Johnâ“‚ï¸
1504126595371438080,1427897508781506563,Comandante Sir Johnny Rainbow â„¢ alias â€œRamboâ€
1504126595371438080,1487139508608901121,Carlito
1504126595371438080,1364723268591243265,Robert F S Lucigniani
1504126595371438080,1008897586130874369,à¸«à¸¡à¸²à¸œà¸±à¸”à¸à¸£à¸´à¸à¹à¸à¸‡ğŸ•ğŸ”¥
1504126595371438080,1072582200892289030,AurÃ©l Brt
1504126595371438080,1391087812712206339,Rick Capitan Jefe
1504126595371438080,1466569799497048066,Abe Junior
1504126595371438080,1162898257585946625,Aiman
1504126595371438080,1314195873803501568,Massecutor
1504126595371438080,1496598990913220609,Ğ¯ÎDZ ğŸ”´
1504126595371438080,230310402,domenico fors
1504126595371438080,962254862955118592,ğ“ƒ 
1504126595371438080,366063241,Frans Xavier
1504126595371438080,1275507336405291012,Loucif Mohammed Walid
1504126595371438080,1408051027748786176,Anthony
1504126595371438080,1410921455135514626,æ—¥æœ¬é€£åˆ
1504126595371438080,1389119677113126915,Sudharsan
